,Symbol,Market Cap,Industry,pl5
0,AACG,81789065.0,Service to the Health Industry,0.0
4,AAME,78581438.0,Life Insurance,0.0
5,AAOI,192432299.0,Semiconductors,0.40349969863891605
13,ABEO,121472417.0,Biotechnology: Pharmaceutical Preparations,0.012000060081481934
14,ABGI,188492363.0,Business Services,0.0
23,ABVC,69905892.0,Biotechnology: Pharmaceutical Preparations,0.0
29,ACBA,60540000.0,Business Services,0.0
35,ACET,135365711.0,Biotechnology: Pharmaceutical Preparations,-0.11700000762939454
36,ACEV,285775000.0,Semiconductors,0.0
44,ACHL,235500236.0,Biotechnology: Biological Products (No Diagnostic Substances),0.0
45,ACHV,74767084.0,Biotechnology: In Vitro & In Vivo Diagnostic Substances,0.023999977111816406
53,ACNB,239605082.0,Major Banks,-0.4700006484985352
59,ACRX,119775705.0,Specialty Chemicals,-0.012000024318695068
60,ACST,92030844.0,,0.0
73,ADES,120849576.0,Industrial Specialties,0.10100002288818358
76,ADIL,83223995.0,Biotechnology: Pharmaceutical Preparations,0.03799999952316284
78,ADMA,166360147.0,Biotechnology: Pharmaceutical Preparations,-0.09320001602172852
79,ADMP,157566203.0,Biotechnology: Pharmaceutical Preparations,0.007000011205673218
80,ADMS,218403997.0,Biotechnology: Pharmaceutical Preparations,
81,ADN,181491287.0,,-0.23739995956420898
83,ADOC,119360868.0,Business Services,0.0
93,ADVM,220292569.0,Biotechnology: Pharmaceutical Preparations,-0.6945003509521483
95,ADXN,55444301.0,Biotechnology: Pharmaceutical Preparations,0.0
96,ADXS,73663933.0,Biotechnology: Pharmaceutical Preparations,-0.0023999989032745363
97,AEAC,291900000.0,Business Services,0.0
102,AEHR,261261723.0,Electrical Products,0.03000006675720215
103,AEI,113220823.0,Building operators,-0.009999990463256836
105,AEMD,51928989.0,Diversified Commercial Services,-0.005000019073486329
110,AESE,68498337.0,Television Services,-0.07409995794296265
112,AEYE,123000445.0,EDP Services,1.1239998817443848
113,AEZS,74160990.0,,0.0
114,AFAQ,271880000.0,,0.0
115,AFBI,94429991.0,Major Banks,0.034799957275390626
117,AFIB,274390799.0,Biotechnology: Electromedical & Electrotherapeutic Apparatus,0.07399940490722656
124,AGBA,57918494.0,Business Services,-0.005000019073486329
131,AGFS,110469346.0,,0.0
140,AGMH,255685837.0,EDP Services,0.0
148,AGRX,93920664.0,Biotechnology: Pharmaceutical Preparations,-0.0619999885559082
149,AGTC,141219078.0,Biotechnology: Biological Products (No Diagnostic Substances),0.0
153,AIH,81176742.0,Medical Specialities,0.0
155,AIKI,66633091.0,Specialty Chemicals,-0.00899999737739563
158,AIRG,126679379.0,Radio And Television Broadcasting And Communications Equipment,0.20669984817504886
159,AIRT,109573527.0,Air Freight/Delivery Services,-0.20799961090087893
165,AKTX,84766065.0,Biotechnology: Pharmaceutical Preparations,0.0
166,AKU,212774523.0,,0.0
169,ALAC,50670711.0,Business Services,0.0
174,ALCO,264463781.0,,0.04799995422363281
177,ALF,111602836.0,EDP Services,0.0
191,ALNA,77464028.0,Biotechnology: Pharmaceutical Preparations,0.0024000167846679687
193,ALOT,110045243.0,Computer peripheral equipment,0.0409998893737793
196,ALPN,233887517.0,Biotechnology: Pharmaceutical Preparations,-0.013000011444091797
198,ALRN,97798110.0,Biotechnology: Pharmaceutical Preparations,0.013999974727630616
210,ALYA,229826032.0,,0.0
211,ALZN,218210167.0,Specialty Chemicals,-0.540000057220459
213,AMAO,134135970.0,,0.0
224,AMHC,124437500.0,,
249,ANEB,161310958.0,Biotechnology: Pharmaceutical Preparations,0.0
255,ANIX,141363552.0,Medical Specialities,0.1279999852180481
265,APAC,252607500.0,,
270,APEN,256604534.0,Industrial Specialties,0.08999993801116944
274,APM,92581133.0,Biotechnology: Pharmaceutical Preparations,0.0
285,APRE,103213746.0,Biotechnology: Biological Products (No Diagnostic Substances),0.1810002326965332
287,APTO,232156222.0,,0.16800007820129395
288,APTX,164887773.0,Biotechnology: Pharmaceutical Preparations,0.08500008583068847
289,APVO,84078765.0,Biotechnology: Pharmaceutical Preparations,-0.43540000915527344
292,AQB,293691427.0,,0.0744999885559082
293,AQMS,138220461.0,Environmental Services,-0.08419994115829468
294,AQST,158267913.0,Biotechnology: Pharmaceutical Preparations,0.12900002002716066
295,ARAV,82441736.0,Biotechnology: Pharmaceutical Preparations,0.05200004577636719
302,ARDS,56280978.0,Biotechnology: Pharmaceutical Preparations,-0.0690000057220459
303,ARDX,133023523.0,Biotechnology: Pharmaceutical Preparations,0.44730000495910643
304,AREC,116523157.0,,0.0
308,ARKR,55846442.0,Restaurants,-0.04500007629394531
327,ARYD,188987025.0,Business Services,0.0
328,ARYE,188987025.0,,0.0
329,ASAX,216408250.0,,0.0
334,ASLN,213724841.0,Biotechnology: Pharmaceutical Preparations,0.0
335,ASMB,144358865.0,Biotechnology: Pharmaceutical Preparations,-0.03900012969970704
339,ASPA,73022207.0,,
342,ASPC,277150000.0,Business Services,0.0
345,ASPS,156107872.0,Finance: Consumer Services,0.3250001430511475
346,ASPU,140863342.0,Other Consumer Services,-0.007999610900878907
348,ASRV,66251000.0,Major Banks,-0.04499990940093994
356,ASUR,159482361.0,EDP Services,-0.01400003433227539
357,ASYS,169473853.0,Semiconductors,0.03899996280670166
366,ATHE,50865282.0,Biotechnology: Pharmaceutical Preparations,0.0
371,ATLO,210370546.0,Major Banks,2.3619983673095706
372,ATNF,143716000.0,Biotechnology: Pharmaceutical Preparations,-0.019999980926513672
391,ATXS,115551682.0,Biotechnology: Pharmaceutical Preparations,0.0
395,AUBN,121153671.0,Major Banks,3.634000778198242
397,AUID,279461538.0,Computer Software: Prepackaged Software,
406,AUVI,61605812.0,,0.0
410,AVCO,81989682.0,Hospital/Nursing Management,0.010000002384185792
411,AVCT,57925699.0,EDP Services,0.1
414,AVEO,225149667.0,Biotechnology: Pharmaceutical Preparations,0.014000320434570312
417,AVGR,77760373.0,Medical/Dental Instruments,-0.00989999771118164
424,AVRO,271771701.0,Biotechnology: Biological Products (No Diagnostic Substances),0.8019999504089356
427,AVTX,274851432.0,Biotechnology: Pharmaceutical Preparations,0.03799993991851807
430,AWRE,85469895.0,EDP Services,-0.008000016212463379
433,AXLA,112675505.0,Biotechnology: Pharmaceutical Preparations,0.24650006294250487
439,AYLA,159046436.0,Specialty Chemicals,0.006200218200683593
440,AYRO,124813464.0,,0.08999996185302735
441,AYTU,83757812.0,Service to the Health Industry,0.25400004386901853
445,AZYO,83058855.0,Medical Specialities,-0.1239999771118164
450,BANX,150628945.0,Trusts Except Educational Religious and Charitable,0.0
451,BAOS,54717666.0,Business Services,0.0
457,BBGI,72284199.0,Broadcasting,-0.007000017166137695
458,BBI,63422781.0,Biotechnology: Biological Products (No Diagnostic Substances),-0.027000027894973754
461,BBQ,158795039.0,Restaurants,-0.10999999046325684
464,BCAC,73750240.0,,0.0
467,BCBP,241438823.0,Savings Institutions,-0.13399953842163087
468,BCDA,50951220.0,Biotechnology: Pharmaceutical Preparations,-0.1799999475479126
470,BCEL,235017417.0,Biotechnology: Pharmaceutical Preparations,-0.4504985809326172
471,BCLI,124572664.0,Biotechnology: Biological Products (No Diagnostic Substances),0.19200000762939454
472,BCML,193444058.0,Major Banks,-0.09499998092651368
475,BCOW,68900508.0,Finance: Consumer Services,0.0
478,BCTX,112384131.0,,0.0
481,BCYP,148069922.0,,
484,BDSX,228980734.0,Precision Instruments,-1.2880004882812501
488,BEEM,246378214.0,Semiconductors,-2.0869998931884766
490,BELFA,181131407.0,Electrical Products,-0.3400001525878906
491,BELFB,150963530.0,Electrical Products,-0.5109999656677247
492,BENE,149533250.0,,0.0
497,BFI,163009566.0,Restaurants,-0.11909990310668946
499,BFIN,156400584.0,Major Banks,-0.011999893188476564
500,BFRA,158661210.0,Biotechnology: Pharmaceutical Preparations,0.0
513,BHSE,93093750.0,Business Services,-0.0039999961853027345
521,BIOC,57713995.0,Biotechnology: Commercial Physical & Biological Resarch,0.0
522,BIOL,98275832.0,Medical/Dental Instruments,0.0010000020265579224
523,BIOT,278012500.0,Business Services,0.0
528,BIVI,184511597.0,Biotechnology: Pharmaceutical Preparations,-0.19880008697509768
530,BKCC,283809664.0,Investment Managers,0.0
531,BKEP,129728384.0,Oil & Gas Production,-0.015999960899353027
534,BKSC,113139672.0,Major Banks,1.1869998931884764
539,BLCT,111024085.0,EDP Services,0.0
549,BLNG,194000000.0,,
555,BLRX,125278061.0,Biotechnology: Pharmaceutical Preparations,0.0
556,BLSA,185018369.0,Business Services,0.0
557,BLTS,279999125.0,,0.0
564,BMRA,54857271.0,Medical/Dental Instruments,-0.03499999046325684
577,BOCH,217092924.0,Major Banks,
581,BON,84133000.0,Real Estate Investment Trusts,0.0
584,BOTJ,64804781.0,Major Banks,0.020454883575439453
588,BOXL,136175091.0,Telecommunications Equipment,0.028799968957901
593,BPRN,198652007.0,Major Banks,0.0
595,BPTS,97663576.0,Biotechnology: Pharmaceutical Preparations,0.0
600,BRAG,193802728.0,,0.0
601,BRCN,184435754.0,Precious Metals,0.0
602,BREZ,147571200.0,,0.0
605,BRID,114062194.0,Specialty Foods,0.0010000228881835939
606,BRIV,208509375.0,,0.0
612,BRLI,61721100.0,Business Services,0.0
618,BRPM,209587500.0,,0.0
621,BRQS,84560263.0,,0.0
623,BSBK,140438159.0,,-0.20059990882873535
624,BSET,175782560.0,Home Furnishings,0.17599987983703613
625,BSGA,60512000.0,,0.0
628,BSGM,96040615.0,Biotechnology: Electromedical & Electrotherapeutic Apparatus,0.1159998893737793
634,BSVN,183727302.0,Major Banks,-1.1880001068115236
642,BTCY,154018675.0,Medical/Dental Instruments,0.0
652,BWAC,162184097.0,,0.0
655,BWAY,127503227.0,Medical/Dental Instruments,0.0
659,BWEN,55441274.0,Industrial Machinery/Components,-0.13599996566772463
660,BWFG,225481190.0,Major Banks,2.5560013771057126
661,BWMN,150294960.0,Professional Services,-0.018000030517578126
664,BYFC,257648707.0,Savings Institutions,0.0009999990463256836
673,CAAS,102427896.0,Auto Parts:O.E.M.,0.03900003433227539
677,CADL,216608307.0,Biotechnology: Pharmaceutical Preparations,0.016000032424926758
678,CAHC,171984225.0,,
682,CALA,158086013.0,Biotechnology: Pharmaceutical Preparations,0.09099998474121093
683,CALB,143598074.0,Major Banks,0.05199995040893555
689,CAPR,109585458.0,Biotechnology: Biological Products (No Diagnostic Substances),0.0
694,CARV,50566133.0,Savings Institutions,0.027000045776367186
697,CASI,184532683.0,Biotechnology: Biological Products (No Diagnostic Substances),0.025999999046325682
702,CBAN,231914398.0,Major Banks,-0.1230001449584961
703,CBAT,225890575.0,Electrical Products,-0.005999994277954101
704,CBAY,271851876.0,Biotechnology: Pharmaceutical Preparations,0.0
705,CBFV,124335613.0,Major Banks,-0.09300003051757813
706,CBIO,152375474.0,Biotechnology: Pharmaceutical Preparations,-0.0220001220703125
707,CBMB,54059845.0,Commercial Banks,0.0
718,CCEL,100123253.0,Managed Health Care,0.27200002670288087
720,CCLP,72676429.0,Oilfield Services/Equipment,0.06099998354911804
722,CCNC,54185760.0,,-0.008000004291534425
736,CDTX,102230443.0,Biotechnology: Pharmaceutical Preparations,0.1380000591278076
742,CECE,239667596.0,Pollution Control Equipment,-0.03399996757507324
743,CELC,287962629.0,Medical Specialities,0.0
747,CEMI,73417490.0,Biotechnology: In Vitro & In Vivo Diagnostic Substances,0.0
761,CFBK,129008494.0,Savings Institutions,-0.03799991607666016
763,CFFI,187886547.0,Major Banks,-0.14999961853027344
772,CFRX,150250994.0,Biotechnology: Pharmaceutical Preparations,0.0
784,CGO,151083673.0,Investment Managers,0.0
785,CGRN,73681074.0,,0.23200008869171143
798,CHMG,215823885.0,Major Banks,0.9889991760253906
801,CHNR,51594583.0,Precious Metals,0.0
822,CIH,136873164.0,EDP Services,0.0
826,CIZN,98188913.0,Major Banks,0.0
828,CKPT,268083669.0,Biotechnology: Pharmaceutical Preparations,-0.07400002479553222
829,CLAQ,213684375.0,,
833,CLAY,100940000.0,,
837,CLBS,73206473.0,Managed Health Care,0.020999991893768312
840,CLDB,113853002.0,Savings Institutions,3.674169731140137
844,CLGN,166694596.0,Industrial Specialties,0.0
845,CLIR,70086239.0,Industrial Machinery/Components,-0.0380000114440918
851,CLOE,179943243.0,,
855,CLPS,60841125.0,Computer Software: Prepackaged Software,0.0
856,CLPT,297086583.0,Medical/Dental Instruments,-0.13200016021728517
857,CLRB,59873129.0,Biotechnology: Pharmaceutical Preparations,-0.05300005674362182
864,CLSN,88288891.0,Biotechnology: Pharmaceutical Preparations,-0.0009999871253967285
865,CLVR,214778527.0,,0.0
869,CLXT,131193913.0,Food Distributors,0.26050002574920655
875,CMCT,164520090.0,Real Estate Investment Trusts,1.4659999847412108
878,CMLS,198712212.0,Broadcasting,-0.010000133514404297
882,CMMB,140705878.0,Biotechnology: Pharmaceutical Preparations,-0.7850000381469726
883,CMPI,102074206.0,Specialty Chemicals,0.5914998531341553
886,CMPX,216976220.0,,
890,CNCE,114216912.0,Biotechnology: Pharmaceutical Preparations,0.16200008392333984
893,CNEY,109724090.0,Major Chemicals,0.0
903,CNTG,226472492.0,Medical Specialities,0.0
904,CNTQ,140350375.0,,
909,COCP,101367505.0,Biotechnology: Pharmaceutical Preparations,0.025999999046325682
910,CODA,95760460.0,Industrial Machinery/Components,-0.05194997787475586
911,CODX,282179112.0,Medical/Dental Instruments,-0.3339999675750732
912,COFS,191593021.0,Major Banks,-0.17099990844726562
925,COMS,120768860.0,Telecommunications Equipment,0.0
948,CPHC,81556388.0,Services-Misc. Amusement & Recreation,0.0
950,CPLP,228094642.0,Marine Transportation,0.0
951,CPOP,73696500.0,,0.0
954,CPSH,72973734.0,,0.6909997940063477
956,CPSS,132614522.0,Diversified Financial Services,0.006000065803527832
961,CRBP,126483190.0,Biotechnology: Pharmaceutical Preparations,0.06799999475479125
964,CRDF,263816656.0,Biotechnology: Biological Products (No Diagnostic Substances),-0.06999990940093995
965,CRDL,175350943.0,,0.0
969,CRESY,287637232.0,Real Estate,0.0
973,CRMD,172912424.0,Biotechnology: Pharmaceutical Preparations,0.058999943733215335
976,CRNT,293931268.0,Radio And Television Broadcasting And Communications Equipment,0.0
988,CRVS,217985368.0,Biotechnology: Pharmaceutical Preparations,0.11600000858306884
990,CRWS,73039563.0,Textiles,0.0
991,CRXT,61763625.0,,0.0
993,CRZN,247870534.0,Business Services,0.0
994,CSBR,137173923.0,Biotechnology: Biological Products (No Diagnostic Substances),-0.009999990463256836
996,CSCW,102901819.0,,0.0
1017,CTG,127989051.0,EDP Services,0.027999925613403323
1018,CTHR,82192211.0,Consumer Specialties,0.10800001621246338
1020,CTIC,279929769.0,Biotechnology: Pharmaceutical Preparations,0.01399998664855957
1025,CTRM,223043423.0,Marine Transportation,0.0
1029,CTXR,294148549.0,Biotechnology: Pharmaceutical Preparations,0.0
1036,CULL,91277631.0,Savings Institutions,-0.002999973297119141
1043,CVCY,239684280.0,Major Banks,0.24700040817260743
1049,CVLY,206740768.0,Savings Institutions,0.09300012588500976
1050,CVRX,295015927.0,Biotechnology: Electromedical & Electrotherapeutic Apparatus,-1.5389997482299804
1052,CWBC,110113108.0,Major Banks,-0.2690000057220459
1053,CWBR,71571275.0,Biotechnology: In Vitro & In Vivo Diagnostic Substances,0.08000000715255737
1054,CWCO,176368055.0,Water Supply,0.12299995422363282
1057,CXDO,116632264.0,Telecommunications Equipment,0.15100011825561524
1058,CYAD,67243769.0,Biotechnology: Pharmaceutical Preparations,0.0
1060,CYBE,281276399.0,Electronic Components,0.039999961853027344
1062,CYCC,50715579.0,Biotechnology: Pharmaceutical Preparations,0.0
1064,CYCN,131414176.0,Biotechnology: Pharmaceutical Preparations,0.10900003910064697
1076,CZWI,149020973.0,Savings Institutions,-0.6239999771118163
1078,DAIO,54820160.0,Industrial Machinery/Components,0.023000001907348633
1079,DAKT,241300485.0,Office Equipment/Supplies/Services,0.13000001907348632
1081,DALS,259776000.0,,0.0
1082,DARE,119534754.0,Biotechnology: Pharmaceutical Preparations,0.0
1083,DATS,128291522.0,Computer Software: Prepackaged Software,
1086,DBDR,292578955.0,,0.0010000228881835939
1090,DBTX,205535747.0,Biotechnology: Pharmaceutical Preparations,-0.8449993133544921
1105,DCTH,66574415.0,Medical Specialities,0.345000171661377
1107,DDMX,158510450.0,,0.0
1112,DFFN,54314821.0,Biotechnology: Pharmaceutical Preparations,0.010999995470046996
1114,DFPH,285487500.0,Major Banks,0.0
1119,DGLY,63681158.0,Diversified Manufacture,-0.09499998092651368
1138,DILA,73520908.0,,
1152,DLCA,253316250.0,Business Services,0.0
1155,DLHC,147528095.0,Business Services,-0.0379997730255127
1157,DLPN,91379232.0,,0.011999988555908203
1160,DMAC,75143687.0,,0.1885000228881836
1172,DOGZ,74736895.0,Miscellaneous manufacturing industries,0.0
1178,DPRO,108957742.0,Electronic Components,0.0
1182,DRIO,220565116.0,Medical/Dental Instruments,0.7681002616882324
1186,DRRX,291195110.0,Biotechnology: Pharmaceutical Preparations,0.012000000476837159
1187,DRTT,277452791.0,,-0.2020000219345093
1189,DSAC,213171875.0,Business Services,0.0
1199,DSWL,63103546.0,Plastic Products,0.0
1200,DTEA,66427122.0,,0.0
1208,DUNE,211528125.0,,0.0
1211,DUO,85436036.0,Computer Software: Programming Data Processing,0.0
1216,DWSN,51045081.0,Oil & Gas Production,-0.0010000109672546388
1220,DXYN,85482783.0,Home Furnishings,0.0
1221,DYAI,149100324.0,Biotechnology: Biological Products (No Diagnostic Substances),0.01600000858306885
1223,DYNS,292003105.0,,0.0
1231,EBAC,159722130.0,Business Services,0.0
1236,EBMT,148138728.0,Savings Institutions,-0.11900014877319336
1242,ECOR,66237753.0,Medical/Dental Instruments,0.03500000238418579
1244,EDAP,206409247.0,Biotechnology: Electromedical & Electrotherapeutic Apparatus,0.0
1247,EDRY,68401418.0,Marine Transportation,0.0
1248,EDSA,108138850.0,,-0.0009999871253967285
1250,EDTX,143032688.0,,0.0
1251,EDTXU,145331250.0,,0.0
1252,EDUC,87799835.0,Books,-0.07099995613098145
1254,EEIQ,56346361.0,Other Consumer Services,0.0
1266,EIGR,236976777.0,Biotechnology: Biological Products (No Diagnostic Substances),0.22700004577636718
1270,EJH,106063986.0,Other Consumer Services,0.0
1271,EKSO,53405455.0,Medical/Dental Instruments,0.0
1272,ELDN,96641178.0,Biotechnology: Pharmaceutical Preparations,0.24099998474121095
1273,ELEV,196488889.0,Biotechnology: Pharmaceutical Preparations,0.06499996185302734
1276,ELOX,152578906.0,Biotechnology: Pharmaceutical Preparations,0.023999977111816406
1280,ELYS,80742405.0,Movies/Entertainment,0.35399994850158695
1282,EMCF,72425057.0,Major Banks,0.36300010681152345
1283,EMKR,248970672.0,Semiconductors,-0.005000019073486329
1284,EML,147379033.0,Industrial Specialties,0.9020000457763673
1289,ENG,72728547.0,Military/Government/Technical,-0.03800002336502075
1290,ENLV,152275250.0,Biotechnology: Pharmaceutical Preparations,0.14299993515014647
1296,ENSC,73497457.0,Biotechnology: Pharmaceutical Preparations,0.06500005722045898
1300,ENTX,83202614.0,Biotechnology: Biological Products (No Diagnostic Substances),0.0
1302,ENVB,51424937.0,Biotechnology: Pharmaceutical Preparations,0.0
1303,ENVI,255903750.0,,0.0
1315,EPIX,238014833.0,,0.15
1316,EPSN,117649420.0,,0.012000012397766113
1318,EQ,178615139.0,Biotechnology: Pharmaceutical Preparations,0.06599998474121094
1321,EQOS,163024373.0,Business Services,0.0
1329,ERYP,177926797.0,Biotechnology: Biological Products (No Diagnostic Substances),0.0
1331,ESCA,266816945.0,Recreational Products/Toys,0.5350001335144042
1332,ESEA,185705708.0,Marine Transportation,0.0
1338,ESQ,208844876.0,Commercial Banks,0.07700023651123046
1339,ESSA,174494965.0,Banks,0.15900011062622071
1340,ESSC,180221630.0,Computer Software: Programming Data Processing,-0.009099864959716797
1344,ESXB,225412689.0,Major Banks,0.06889986991882324
1349,ETON,122508872.0,Biotechnology: Pharmaceutical Preparations,0.06300001144409179
1351,ETTX,144769377.0,Biotechnology: Pharmaceutical Preparations,-0.043999981880187986
1352,EUCR,131495651.0,Business Services,0.0
1354,EUSG,178484625.0,Business Services,0.0
1357,EVAX,150231497.0,Biotechnology: Biological Products (No Diagnostic Substances),0.0
1361,EVFM,124337494.0,Biotechnology: Pharmaceutical Preparations,0.3062000751495361
1362,EVGN,113739147.0,Agricultural Chemicals,0.0
1369,EVOJ,151412306.0,,0.0
1388,EYEN,114170461.0,Biotechnology: Pharmaceutical Preparations,0.16999995708465576
1389,EYES,131626648.0,Industrial Specialties,0.0760000228881836
1391,EYPT,297194441.0,Biotechnology: Pharmaceutical Preparations,-0.04999995231628418
1392,EZFL,103750000.0,EDP Services,
1399,FARM,156082925.0,Specialty Foods,0.11500005722045899
1402,FAT,166420214.0,Restaurants,-0.1809999704360962
1403,FATBB,141392174.0,Restaurants,
1410,FBIZ,227003655.0,Major Banks,-0.6449993133544922
1414,FCAP,137721455.0,Savings Institutions,0.28099975585937503
1416,FCCO,145815613.0,Major Banks,0.042000102996826175
1417,FCCY,224641205.0,Savings Institutions,0.37199983596801756
1422,FCRD,133083477.0,Finance/Investors Services,0.0
1424,FDBC,293472556.0,Major Banks,1.5340003967285156
1429,FEIM,89362010.0,Electrical Products,-0.008999824523925781
1431,FEMY,80710085.0,Medical/Dental Instruments,-0.9520000457763671
1432,FENC,221466558.0,,-0.0009999752044677734
1435,FFBW,82374879.0,Major Banks,0.0019002437591552734
1442,FFNW,156418935.0,Banks,-0.31199989318847654
1444,FGBI,184109682.0,Major Banks,0.17961864471435549
1452,FICV,242500000.0,,
1466,FKWL,93185859.0,Telecommunications Equipment,0.25600008964538573
1467,FLAC,174137310.0,Business Services,0.0
1472,FLGC,239955630.0,,0.0
1475,FLL,281349992.0,Movies/Entertainment,0.05099998712539673
1476,FLMN,205588046.0,Oil & Gas Production,0.12799999713897706
1478,FLNT,187351492.0,EDP Services,0.03200000524520874
1479,FLUX,86839891.0,Electrical Products,0.7805001258850097
1482,FLXS,233348391.0,Home Furnishings,2.809000110626221
1484,FMAO,255446057.0,Savings Institutions,0.7920009613037109
1494,FNCB,163470192.0,Major Banks,-0.240000057220459
1499,FNWB,176199452.0,Banks,-0.06889991760253907
1502,FONR,112288657.0,Biotechnology: Electromedical & Electrotherapeutic Apparatus,0.0
1515,FOXW,72085500.0,,0.0
1518,FPAY,70772030.0,Consumer Electronics/Video Chains,0.012999951839447023
1519,FRAF,141428544.0,Major Banks,-0.6160003662109375
1520,FRBA,252585081.0,Major Banks,0.0
1521,FRBK,175480736.0,Major Banks,0.004999995231628418
1524,FREQ,247114003.0,Biotechnology: Pharmaceutical Preparations,0.08520021438598632
1527,FRGI,294495014.0,Restaurants,0.15399999618530275
1529,FRLN,140168119.0,Biotechnology: Biological Products (No Diagnostic Substances),0.0
1532,FRON,284100600.0,Business Services,0.0
1537,FRSG,274990896.0,,0.0
1541,FRSX,191001820.0,Computer Software: Prepackaged Software,0.0
1543,FRW,256910847.0,,0.0
1547,FSBW,270407985.0,Banks,-0.36950016021728516
1548,FSEA,58388716.0,Commercial Banks,-0.05640006065368652
1549,FSFG,194893037.0,Major Banks,-0.016666221618652343
1550,FSII,257072325.0,,-0.026999950408935547
1558,FSTR,166146766.0,Metal Fabrications,0.04699993133544922
1559,FSTX,145868091.0,Biotechnology: Pharmaceutical Preparations,-0.757999861240387
1569,FTEK,51424234.0,Pollution Control Equipment,0.27899986505508423
1570,FTFT,151695373.0,EDP Services,0.0
1575,FTRP,239298122.0,,0.0
1582,FUNC,118732142.0,Major Banks,-0.9609992027282716
1583,FUND,233418053.0,Investment Managers,0.0
1584,FUSB,65905383.0,Major Banks,-0.02500009536743164
1588,FVAM,103969594.0,,0.0
1589,FVCB,270226788.0,Commercial Banks,-0.20299978256225587
1590,FVE,129260978.0,Hospital/Nursing Management,0.0
1596,FXNC,136807528.0,Major Banks,0.011999893188476564
1599,GACQ,229098442.0,,
1602,GAIA,183617466.0,Industrial Machinery/Components,0.01100010871887207
1606,GALT,227616119.0,Biotechnology: Pharmaceutical Preparations,-0.01300004720687866
1607,GAMB,294457316.0,,0.0
1611,GAME,82897350.0,,0.0
1613,GANX,84324144.0,Biotechnology: Pharmaceutical Preparations,0.0
1614,GASS,95883654.0,Marine Transportation,0.0
1620,GBNH,136800148.0,,0.0
1623,GBRG,74678888.0,Business Services,0.0
1628,GCAC,213468750.0,,0.0
1630,GCBC,293116844.0,Banks,1.1750001907348633
1639,GECC,78990010.0,Finance/Investors Services,0.0
1643,GEG,61046991.0,Other Pharmaceuticals,0.0029999971389770507
1644,GENC,169851794.0,Construction/Ag Equipment/Trucks,0.006000041961669922
1645,GENE,50589725.0,Biotechnology: Biological Products (No Diagnostic Substances),0.0
1646,GEOS,117632876.0,Industrial Machinery/Components,0.009000015258789063
1649,GFED,105109193.0,Major Banks,0.15599994659423827
1651,GGGV,139302537.0,,
1661,GHAC,251330625.0,,0.0
1666,GIFI,64626536.0,Metal Fabrications,-0.035999965667724614
1678,GIW,267860760.0,,0.0
1683,GLAQ,150809347.0,,0.0
1694,GLG,68454973.0,EDP Services,0.0
1695,GLHA,266496652.0,,0.0
1698,GLMD,63163960.0,Biotechnology: Pharmaceutical Preparations,0.0
1702,GLRE,243479930.0,Property-Casualty Insurers,0.09300007820129395
1707,GLTO,100122745.0,Biotechnology: Pharmaceutical Preparations,0.1939997673034668
1709,GLYC,112483889.0,Biotechnology: Pharmaceutical Preparations,0.04200000762939453
1711,GMBL,157086108.0,Movies/Entertainment,0.0
1716,GMDA,236532004.0,Biotechnology: Biological Products (No Diagnostic Substances),0.0
1720,GMTX,202398971.0,Biotechnology: Pharmaceutical Preparations,-0.1378999710083008
1723,GNAC,279823750.0,,0.0
1725,GNCA,111750649.0,Biotechnology: Pharmaceutical Preparations,-1.7679997324943544
1726,GNFT,170806548.0,Biotechnology: Biological Products (No Diagnostic Substances),0.0
1727,GNLN,109937170.0,Diversified Commercial Services,0.1574000120162964
1729,GNPX,128562853.0,Biotechnology: Pharmaceutical Preparations,0.03500003814697266
1730,GNSS,187938884.0,Industrial Machinery/Components,0.1349999189376831
1749,GP,283658151.0,Auto Parts:O.E.M.,0.0
1753,GPCO,73685040.0,,
1760,GRAY,74815636.0,Biotechnology: Pharmaceutical Preparations,-0.4559999465942383
1772,GROW,85467585.0,Investment Managers,0.0
1776,GRTX,193260083.0,Specialty Chemicals,0.46099996566772466
1778,GRVI,71092566.0,Biotechnology: Pharmaceutical Preparations,0.0
1789,GSIT,134363305.0,Semiconductors,0.10099992752075194
1792,GSMG,120553918.0,EDP Services,0.0
1795,GTBP,231359845.0,Biotechnology: Pharmaceutical Preparations,-0.35190000534057614
1796,GTEC,69477855.0,Business Services,0.2310000419616699
1799,GTIM,62478530.0,Restaurants,0.06899999976158143
1809,GWGH,297851976.0,Life Insurance,0.0
1810,GWII,286062000.0,,
1822,HALL,66687687.0,Property-Casualty Insurers,0.0
1825,HARP,281613728.0,Biotechnology: Pharmaceutical Preparations,-0.3185000419616699
1836,HBP,143301320.0,Wholesale Distributors,0.0
1838,HCAQ,268056801.0,Business Services,0.0
1860,HCWB,129320866.0,Biotechnology: Pharmaceutical Preparations,-0.07500004768371582
1861,HDSN,142573545.0,Specialty Chemicals,-0.052000010013580324
1865,HEPA,116624639.0,Biotechnology: Pharmaceutical Preparations,-0.09350003004074096
1871,HFBL,63500806.0,Savings Institutions,-0.04050035476684571
1872,HFFG,299021247.0,Food Distributors,-0.02349996566772461
1874,HGBL,76934563.0,Investment Bankers/Brokers/Service,0.08899999856948852
1887,HJLI,85764134.0,Medical/Dental Instruments,
1900,HLXA,147309750.0,Business Services,-0.14400005340576172
1905,HMNF,106407213.0,Savings Institutions,0.10899982452392577
1909,HNNA,71056152.0,Investment Managers,0.09200005531311035
1910,HNRG,67347658.0,Coal Mining,0.0
1913,HOFV,290205026.0,Movies/Entertainment,0.008999943733215332
1921,HOOK,190117706.0,Biotechnology: Pharmaceutical Preparations,0.17699995040893554
1928,HQI,265572241.0,Diversified Commercial Services,0.16300029754638673
1931,HROW,251457928.0,Biotechnology: Pharmaceutical Preparations,0.2700000286102295
1935,HSAQ,200614500.0,Business Services,-0.19949998855590823
1946,HTBX,158987574.0,Biotechnology: Pharmaceutical Preparations,-0.005999994277954101
1953,HTOO,136880420.0,Natural Gas Distribution,0.0
1956,HUDI,58800000.0,Steel/Iron Ore,0.0
1957,HUGE,51782500.0,,0.0
1958,HUIZ,109845456.0,Specialty Insurers,0.0
1961,HURC,201738967.0,Steel/Iron Ore,-0.015000152587890626
1966,HWBK,146632166.0,Major Banks,0.5120000839233398
1976,HYMC,82262469.0,Precious Metals,-0.04199995994567871
1980,HYRE,193399336.0,Rental/Leasing Companies,-0.5924994468688964
1981,HYW,174720000.0,Investment Managers,0.0
1994,ICAD,257994877.0,Managed Health Care,0.04900007247924805
1995,ICBK,210152703.0,Commercial Banks,-0.05631999969482422
1996,ICCC,69243232.0,Biotechnology: Pharmaceutical Preparations,-0.02000002861022949
1997,ICCH,55180631.0,Property-Casualty Insurers,-0.12200002670288085
1998,ICCM,282640450.0,,
2003,ICMB,81674358.0,Finance/Investors Services,0.0
2007,IDBA,241278670.0,Diversified Manufacture,0.0
2010,IDN,159974107.0,Retail: Computer Software & Peripheral Equipment,0.005999994277954101
2011,IDRA,53553479.0,Biotechnology: Biological Products (No Diagnostic Substances),0.0269999623298645
2016,IEC,163427433.0,Electrical Products,
2019,IFBD,60347500.0,,0.0
2021,IFRX,117977365.0,Biotechnology: Pharmaceutical Preparations,0.0
2028,IGNY,70688750.0,,0.0
2034,IIN,187858626.0,Medical/Dental Instruments,0.04500007629394531
2040,IKNX,53254495.0,Industrial Machinery/Components,-0.08878998756408692
2041,IKT,51272024.0,Biotechnology: Pharmaceutical Preparations,0.0
2047,IMAQ,234187673.0,,
2051,IMBI,117127612.0,Catalog/Specialty Distribution,-0.015000009536743164
2052,IMCC,189124558.0,,0.0
2057,IMMP,282801808.0,Biotechnology: Pharmaceutical Preparations,0.0
2058,IMMR,229007803.0,Computer peripheral equipment,0.44799981117248533
2059,IMNM,284206661.0,Specialty Chemicals,0.055999851226806646
2061,IMPL,265330818.0,Biotechnology: Pharmaceutical Preparations,-0.09000015258789062
2062,IMRA,109713589.0,Biotechnology: Biological Products (No Diagnostic Substances),0.31099987030029297
2066,IMUX,243623668.0,Biotechnology: Pharmaceutical Preparations,-0.421999740600586
2067,IMV,136356764.0,,0.0
2070,INAB,142534603.0,Biotechnology: Pharmaceutical Preparations,0.0
2071,INBK,286805123.0,Major Banks,0.18599987030029297
2075,INCR,299572715.0,,-1.6094996809959412
2085,INKA,211959375.0,,0.0
2092,INOD,215254041.0,EDP Services,0.05999989509582519
2094,INPX,105598097.0,Computer Software: Prepackaged Software,0.0
2095,INSE,266049754.0,,-0.014999961853027344
2100,INTG,102844110.0,Hotels/Resorts,0.0010000228881835939
2102,INTZ,72637639.0,Diversified Manufacture,1.2320001602172852
2108,INZY,275378433.0,Biotechnology: Pharmaceutical Preparations,2.006999969482422
2112,IPA,129494612.0,,0.0
2122,IPW,115316171.0,Catalog/Specialty Distribution,0.0
2123,IPWR,88609174.0,Industrial Machinery/Components,0.09029998779296876
2128,IRIX,112092387.0,Biotechnology: Electromedical & Electrotherapeutic Apparatus,0.00700000524520874
2130,IROQ,75824798.0,Finance: Consumer Services,0.06799993515014648
2133,ISAA,221167501.0,,0.0
2137,ISLE,256150425.0,,0.0
2141,ISSC,123742719.0,Military/Government/Technical,0.003000020980834961
2142,ISTR,224114667.0,Commercial Banks,-1.0759994506835937
2143,ISUN,76746192.0,Semiconductors,0.2450001239776611
2144,ITAC,97485012.0,,
2151,ITI,220075837.0,Telecommunications Equipment,-0.08399996757507325
2155,ITQ,280025000.0,Business Services,0.0
2158,ITRM,108294355.0,Biotechnology: Pharmaceutical Preparations,-0.006299984455108642
2161,IVAC,115062405.0,,0.025
2162,IZEA,123054271.0,Advertising,-0.024000012874603273
2164,JAGX,101856809.0,Biotechnology: Pharmaceutical Preparations,-0.05669999122619629
2165,JAKK,121329117.0,Recreational Products/Toys,0.006000041961669922
2178,JCS,86439947.0,Telecommunications Equipment,0.0019999980926513673
2181,JFIN,193355475.0,Finance: Consumer Services,0.0
2183,JG,212244077.0,EDP Services,0.0
2195,JRSH,89994485.0,Industrial Specialties,0.0
2204,JWEL,152825124.0,Other Consumer Services,0.0
2206,JZXN,53995647.0,Automotive Aftermarket,0.0
2207,KAII,285772500.0,Business Services,0.0
2213,KALA,168179595.0,Biotechnology: Pharmaceutical Preparations,0.14200010299682617
2217,KAVL,56235085.0,Farming/Seeds/Milling,-0.28800010681152344
2232,KFFB,59314615.0,Savings Institutions,0.0
2239,KINS,71520304.0,Specialty Insurers,0.057499933242797854
2243,KIRK,240559684.0,Diversified Commercial Services,-0.1870000720024109
2248,KLDO,240563039.0,Biotechnology: Biological Products (No Diagnostic Substances),-0.001999950408935547
2252,KMDA,234913161.0,Biotechnology: Pharmaceutical Preparations,0.0
2262,KOSS,157176929.0,Consumer Electronics/Appliances,7.050000643730163
2266,KRBP,52651782.0,Specialty Chemicals,0.05000004768371582
2267,KRKR,64772052.0,Business Services,0.0
2268,KRMD,128192147.0,Medical/Dental Instruments,0.21400003433227538
2280,KSI,211312500.0,,0.0
2283,KTCC,71943108.0,Computer peripheral equipment,0.0
2292,KVHI,175685493.0,Radio And Television Broadcasting And Communications Equipment,-0.021001148223876952
2298,KZIA,140791011.0,Biotechnology: Pharmaceutical Preparations,0.0
2300,LAAA,69677074.0,,0.0
2304,LAKE,165109562.0,,0.5839998245239257
2310,LARK,133360742.0,Major Banks,-0.12761869430541994
2312,LATN,265000000.0,Business Services,
2318,LAZY,246535251.0,Other Specialty Stores,0.6725005865097046
2321,LBPH,158381220.0,Biotechnology: Pharmaceutical Preparations,0.0
2322,LBPS,161213850.0,Biotechnology: Pharmaceutical Preparations,0.0
2336,LCAP,291354000.0,,0.0
2341,LCNB,209381147.0,Major Banks,-0.3579999923706055
2343,LDHA,280312500.0,Business Services,0.0
2349,LEE,138391101.0,Newspapers/Magazines,0.155000114440918
2350,LEGA,290972094.0,Business Services,0.0
2358,LEVL,214557087.0,,-0.011899852752685547
2362,LFMD,188330252.0,Diversified Commercial Services,0.3600001037120819
2364,LFTR,252919576.0,,0.0
2368,LFVN,94577168.0,Farming/Seeds/Milling,-0.17500019073486328
2377,LGVN,67856937.0,Specialty Chemicals,0.08299999237060547
2378,LHAA,279191758.0,,-0.039999771118164065
2384,LIFE,169537117.0,Biotechnology: Biological Products (No Diagnostic Substances),0.29699997901916503
2389,LINC,164799928.0,Service to the Health Industry,0.008000016212463379
2391,LINK,73617853.0,Industrial Machinery/Components,0.0
2392,LIQT,137071141.0,Industrial Machinery/Components,0.005999994277954101
2397,LIVE,55497565.0,Recreational Products/Toys,0.6850002288818359
2399,LIVX,250311860.0,Movies/Entertainment,
2402,LIZI,173964658.0,Computer Software: Programming Data Processing,0.0
2403,LJAQ,170920800.0,,0.0
2406,LJPC,110777192.0,Biotechnology: Biological Products (No Diagnostic Substances),0.016000080108642577
2414,LMAO,130018770.0,,0.0
2418,LMB,65098112.0,Military/Government/Technical,-0.10169990062713623
2420,LMNL,77554916.0,,0.0
2421,LMNR,269843833.0,Farming/Seeds/Milling,0.3939994812011719
2422,LMPX,158455248.0,,-1.126999855041504
2427,LMST,138596966.0,Major Banks,-0.016000080108642577
2429,LNSR,87653504.0,Medical Electronics,0.0
2432,LOAN,77131081.0,Real Estate Investment Trusts,-0.02799997329711914
2435,LOGC,143794672.0,Biotechnology: Biological Products (No Diagnostic Substances),-0.008999919891357422
2443,LPCN,98885528.0,Biotechnology: Pharmaceutical Preparations,0.02590001821517944
2447,LPTH,58092237.0,Electronic Components,0.022999948263168337
2448,LPTX,145599714.0,Biotechnology: Biological Products (No Diagnostic Substances),0.0029999971389770507
2449,LQDA,134506237.0,Biotechnology: Biological Products (No Diagnostic Substances),-0.006999969482421876
2452,LRFC,69837112.0,Trusts Except Educational Religious and Charitable,0.0
2453,LRMR,218635505.0,Biotechnology: Pharmaceutical Preparations,-0.10220012664794921
2454,LSAQ,99912784.0,,
2455,LSBK,85875018.0,Savings Institutions,-0.1520000457763672
2465,LTRN,127945406.0,Biotechnology: Pharmaceutical Preparations,-0.25
2466,LTRPA,259364055.0,,0.03900001049041748
2468,LTRX,172299620.0,Telecommunications Equipment,0.08600003719329834
2470,LUMO,85654900.0,Biotechnology: Pharmaceutical Preparations,0.0020000457763671878
2481,LVTX,161097113.0,Biotechnology: Pharmaceutical Preparations,0.0
2482,LWAY,90342224.0,Specialty Foods,-0.1770000457763672
2485,LXEH,109200546.0,Other Consumer Services,0.0
2490,LYRA,112434856.0,Specialty Chemicals,0.03899993896484375
2491,LYTS,202414103.0,Building Products,0.0
2496,MACA,143799371.0,Business Services,0.0
2499,MACK,61687118.0,Biotechnology: Pharmaceutical Preparations,0.4180000066757202
2503,MACU,137176875.0,,0.0
2506,MAGS,123766883.0,Telecommunications Equipment,
2511,MAQC,223939900.0,,0.0
2516,MARK,116116340.0,Telecommunications Equipment,0.0
2523,MAYS,77204374.0,Building operators,0.02199993133544922
2524,MBCN,149949366.0,Major Banks,0.5459999084472656
2525,MBII,123457817.0,Major Chemicals,0.03500000238418579
2530,MBIO,251356837.0,Biotechnology: Biological Products (No Diagnostic Substances),0.11200003623962403
2532,MBOT,51320720.0,Medical/Dental Instruments,0.1509998321533203
2533,MBRX,85656639.0,Biotechnology: Pharmaceutical Preparations,0.0
2534,MBTC,148103200.0,Business Services,0.0
2539,MCAD,75423850.0,,0.0
2542,MCAE,68748774.0,,0.0
2545,MCAF,73232175.0,,
2548,MCBC,253877954.0,Major Banks,0.0
2553,MCHX,127148523.0,Business Services,-0.07099995613098145
2554,MCMJ,163310102.0,,0.0
2561,MDIA,60119080.0,Broadcasting,0.131499981880188
2562,MDJH,52500098.0,Real Estate,0.0
2564,MDNA,131657776.0,,0.0
2568,MDVL,106950229.0,Biotechnology: Pharmaceutical Preparations,-1.0411998748779299
2569,MDWD,94814093.0,Specialty Chemicals,0.0
2570,MDWT,146064001.0,Life Insurance,0.015000152587890626
2583,MESA,275765132.0,Air Freight/Delivery Services,0.6480000019073486
2592,MFIN,210017582.0,Diversified Financial Services,0.007999992370605469
2603,MGYR,76734396.0,Major Banks,-0.0039999961853027345
2604,MHLD,286050932.0,Property-Casualty Insurers,0.011999988555908203
2605,MICT,197839230.0,EDP Peripherals,-0.011000049114227294
2612,MINM,85709000.0,Telecommunications Equipment,0.012999868392944336
2614,MIRO,140753773.0,Biotechnology: Biological Products (No Diagnostic Substances),0.0
2615,MIST,165645300.0,,-1.8650000572204588
2616,MITA,186269063.0,,
2618,MITC,71999902.0,Packaged Foods,0.0
2620,MITO,76907608.0,Biotechnology: Pharmaceutical Preparations,0.0
2626,MKTY,101597360.0,Industrial Machinery/Components,0.03399996757507324
2629,MLAC,178250000.0,Business Services,0.0
2633,MLVF,127292677.0,Banks,2.8659972190856933
2635,MMLP,127750294.0,Oil Refining/Marketing,0.2790000319480896
2636,MMMB,87883480.0,Farming/Seeds/Milling,0.0
2639,MNDO,64158499.0,EDP Services,0.0
2643,MNOV,190486477.0,Biotechnology: Pharmaceutical Preparations,0.11400001049041747
2644,MNPR,53681980.0,Biotechnology: Pharmaceutical Preparations,0.12600002288818357
2646,MNSB,176535693.0,Major Banks,0.1529998779296875
2653,MNTX,147110735.0,Home Furnishings,0.004999971389770508
2667,MOTN,143031250.0,,0.0
2670,MOVE,118962578.0,Biotechnology: Electromedical & Electrotherapeutic Apparatus,0.23099994659423828
2671,MOXC,139645839.0,,0.0
2673,MPAC,71515625.0,Business Services,0.0
2676,MPB,293438580.0,Major Banks,-0.7730039596557616
2682,MRAM,120371889.0,Electronic Components,-0.015000009536743164
2683,MRBK,170192309.0,Major Banks,-0.10599985122680665
2684,MRCC,222329333.0,Investment Managers,0.0
2686,MREO,271438380.0,Biotechnology: Pharmaceutical Preparations,0.0
2687,MRIN,80736070.0,Computer Software: Prepackaged Software,-0.006000018119812011
2688,MRKR,147880042.0,Biotechnology: Pharmaceutical Preparations,0.6600000619888305
2689,MRLN,266145471.0,Finance Companies,-0.5569999694824219
2699,MSAC,112549350.0,Business Services,0.0
2707,MSGM,168720507.0,,0.0
2714,MTBC,115813652.0,Managed Health Care,0.05999975204467774
2718,MTCR,76924318.0,Specialty Chemicals,0.0640000343322754
2720,MTEX,57063277.0,Specialty Chemicals,0.015999984741210938
2723,MTRX,257492835.0,Military/Government/Technical,0.12799997329711912
2736,MYFW,221301422.0,Major Banks,0.021000003814697264
2738,MYMD,287020616.0,Specialty Chemicals,-0.007999992370605469
2746,NAII,95236451.0,Food Distributors,0.3489999294281006
2750,NATH,249241552.0,Restaurants,0.0
2752,NATR,290273576.0,Other Pharmaceuticals,0.08999996185302735
2755,NBEV,186031744.0,Beverages (Production/Distribution),0.013999998569488525
2757,NBN,263015826.0,Major Banks,0.0
2758,NBRV,56453632.0,Biotechnology: Pharmaceutical Preparations,0.0039999961853027345
2759,NBSE,123394785.0,Biotechnology: Pharmaceutical Preparations,0.11299982070922851
2760,NBST,161619460.0,,0.0
2765,NCMI,231996924.0,Advertising,-0.039999890327453616
2766,NCNA,118407840.0,Biotechnology: Pharmaceutical Preparations,0.0
2768,NCSM,65578725.0,Oilfield Services/Equipment,-0.1589000701904297
2769,NCTY,211113476.0,Computer Software: Prepackaged Software,0.0
2775,NDRA,70320351.0,Medical Specialities,-0.15769997835159302
2778,NECB,170166755.0,Savings Institutions,-0.1620002746582031
2782,NEON,67394931.0,Industrial Machinery/Components,0.031999969482421876
2783,NEPH,78814197.0,Medical/Dental Instruments,-0.33299984931945803
2784,NEPT,95306687.0,,0.0
2785,NERV,72626662.0,Biotechnology: Pharmaceutical Preparations,0.9840000867843628
2787,NETE,56618970.0,EDP Services,-0.03299999237060547
2792,NEXT,293498575.0,Oil & Gas Production,0.0
2801,NH,201412300.0,Managed Health Care,-0.007000017166137695
2802,NHTC,77145544.0,Diversified Commercial Services,0.0
2804,NICK,85547000.0,,-0.2950000286102295
2805,NISN,157798414.0,Metal Fabrications,0.0
2808,NKSH,224898614.0,Major Banks,-1.7870008468627931
2818,NMMC,161682238.0,,0.0
2820,NMRD,140654345.0,Medical Specialities,0.0
2822,NMTC,50882480.0,Medical Specialities,-0.005000019073486329
2824,NNBR,217319417.0,,0.005000019073486329
2827,NOAC,280315375.0,,0.0
2832,NOVN,153891911.0,Biotechnology: Pharmaceutical Preparations,1.003000020980835
2836,NRAC,292818750.0,Business Services,0.0
2839,NRBO,89587678.0,Biotechnology: Pharmaceutical Preparations,0.0
2841,NRIM,242690298.0,Savings Institutions,0.5820001602172852
2856,NTIC,152134679.0,Major Chemicals,-0.12300004959106446
2865,NURO,61580243.0,Medical/Dental Instruments,-0.03499999046325684
2883,NVVE,219980429.0,Oil Refining/Marketing,0.0
2887,NWFL,206843232.0,Major Banks,-1.0040002822875977
2890,NWPX,239015780.0,Steel/Iron Ore,-0.13699951171875002
2896,NXTC,194661463.0,Biotechnology: Pharmaceutical Preparations,0.0
2898,NXTP,154065678.0,EDP Services,-0.026300001144409182
2904,NYMX,159926210.0,Biotechnology: In Vitro & In Vivo Diagnostic Substances,-0.007999992370605469
2908,OBAS,58526392.0,Building operators,0.0
2909,OBCI,85183424.0,,0.4869997978210449
2910,OBLG,70723071.0,Computer Software: Prepackaged Software,-0.021000003814697264
2912,OBSV,243197550.0,Biotechnology: Pharmaceutical Preparations,0.0
2913,OBT,191670784.0,Major Banks,0.0
2914,OCAX,185006250.0,,0.0
2923,OCG,82510769.0,Other Consumer Services,0.0
2927,OCUP,87525310.0,Biotechnology: Pharmaceutical Preparations,-0.035999965667724614
2931,ODT,115883597.0,Biotechnology: Biological Products (No Diagnostic Substances),-0.09400014877319336
2932,OEG,193834986.0,,0.03780000209808349
2936,OESX,115632615.0,Building Products,0.004000043869018555
2937,OFED,132774203.0,Savings Institutions,-0.027000045776367186
2940,OFS,140189206.0,Finance/Investors Services,0.0
2946,OIIM,173701033.0,Semiconductors,0.0
2956,OMEG,172007190.0,Business Services,-0.08199996948242187
2958,OMEX,82770660.0,EDP Services,0.11219999790191651
2962,OMQS,65380821.0,EDP Services,0.0
2965,ONCR,241785035.0,Specialty Chemicals,-0.06400022506713868
2966,ONCS,79698882.0,Biotechnology: In Vitro & In Vivo Diagnostic Substances,0.27799999713897705
2967,ONCT,196859472.0,Biotechnology: Pharmaceutical Preparations,0.11799991130828856
2968,ONCY,115964908.0,,0.0
2972,ONTX,77511223.0,Biotechnology: Pharmaceutical Preparations,0.3299999713897705
2973,ONVO,63287953.0,Biotechnology: Biological Products (No Diagnostic Substances),0.0
2974,OPBK,149366727.0,Commercial Banks,0.09299988746643066
2977,OPGN,118637775.0,Medical Specialities,-0.006000018119812011
2982,OPNT,103832330.0,Biotechnology: Pharmaceutical Preparations,0.20199995040893556
2983,OPOF,108826176.0,Major Banks,0.3339996337890625
2988,OPTN,149798324.0,Biotechnology: Pharmaceutical Preparations,0.411500072479248
2992,ORGS,109146682.0,Biotechnology: Pharmaceutical Preparations,0.007999992370605469
2993,ORIA,246250000.0,Business Services,0.0
2999,ORPH,157634607.0,Biotechnology: Pharmaceutical Preparations,0.0
3000,ORRF,250624821.0,Major Banks,-0.868999481201172
3006,OSMT,177965040.0,Biotechnology: Pharmaceutical Preparations,0.1700000762939453
3008,OSS,96346658.0,Computer Manufacturing,-0.1930000066757202
3010,OSTR,279737500.0,,0.0
3015,OTEC,103771137.0,,0.0
3019,OTIC,92957357.0,Biotechnology: Pharmaceutical Preparations,0.03199999332427978
3026,OTRK,203826713.0,Medical Specialities,0.8329995155334472
3029,OVBC,131942012.0,Major Banks,0.7920003890991212
3030,OVID,226213547.0,Biotechnology: Pharmaceutical Preparations,-0.028500008583068847
3031,OVLY,145047540.0,Major Banks,-0.09500017166137695
3040,OXSQ,201569440.0,Investment Bankers/Brokers/Service,0.0
3059,PAIC,98805571.0,,0.0
3063,PANA,264146075.0,Business Services,0.002999973297119141
3064,PANL,228525338.0,Marine Transportation,-0.026799893379211424
3065,PAQC,279737500.0,Business Services,0.0
3079,PAYS,142346731.0,Investment Bankers/Brokers/Service,0.07199997901916504
3085,PBHC,96566990.0,Banks,0.08999996185302735
3086,PBIP,110601330.0,Banks,-0.36499977111816406
3088,PBPB,188757094.0,Restaurants,-0.04499998092651367
3090,PBYI,276074033.0,Biotechnology: Pharmaceutical Preparations,0.036000728607177734
3092,PCB,281143931.0,Major Banks,0.075
3094,PCOM,249047166.0,,0.0
3096,PCSA,117237397.0,Biotechnology: Pharmaceutical Preparations,0.5970000743865966
3097,PCSB,277174551.0,Banks,0.013000202178955079
3099,PCTI,114901405.0,Radio And Television Broadcasting And Communications Equipment,0.018000030517578126
3104,PCYG,101189598.0,EDP Services,0.0
3109,PDEX,94276768.0,Medical/Dental Instruments,-0.17700061798095704
3111,PDLB,249218946.0,,-0.10100002288818358
3113,PEBK,157899503.0,Major Banks,0.038000297546386716
3120,PESI,81717374.0,Environmental Services,0.2690000534057617
3125,PETZ,88031990.0,Packaged Foods,0.0
3132,PFHD,254156049.0,Major Banks,-0.3150003433227539
3137,PFMT,277490345.0,Business Services,-0.0950000524520874
3138,PFSW,268182512.0,Business Services,0.033999776840209966
3140,PFX,114599495.0,Investment Managers,-0.49599981307983404
3145,PGRW,211696875.0,,0.0
3149,PHAS,135960227.0,Biotechnology: Pharmaceutical Preparations,-0.01699998378753662
3152,PHIC,210881250.0,Business Services,0.0
3156,PHUN,74098063.0,EDP Services,0.006999993324279785
3163,PKBK,248449846.0,Major Banks,-0.1290907859802246
3164,PKOH,294752869.0,Construction/Ag Equipment/Trucks,-0.09899969100952148
3167,PLBC,184593962.0,Finance Companies,-0.19099998474121094
3185,PMBC,206416339.0,Major Banks,0.028999900817871096
3186,PMCB,70534841.0,Biotechnology: Biological Products (No Diagnostic Substances),0.0
3188,PME,61390089.0,,0.0
3199,PNRG,105631556.0,Oil & Gas Production,0.4440006256103516
3204,POLA,69989835.0,Industrial Machinery/Components,0.009000015258789063
3210,POWL,276391150.0,Electrical Products,0.022999954223632813
3216,PPBT,84555955.0,Biotechnology: Pharmaceutical Preparations,0.0
3223,PPIH,62141803.0,,0.0
3236,PROF,282764944.0,,-0.45349979400634766
3237,PROG,116277871.0,Specialty Chemicals,0.18039999008178711
3238,PROV,126490830.0,Savings Institutions,-0.033999729156494136
3239,PRPH,74710467.0,Biotechnology: Pharmaceutical Preparations,0.04000000953674317
3241,PRPO,66989166.0,Biotechnology: Laboratory Analytical Instruments,0.07500004768371582
3248,PRTG,267590357.0,Biotechnology: Biological Products (No Diagnostic Substances),0.0
3250,PRTK,238117955.0,Biotechnology: Pharmaceutical Preparations,-0.4500000476837158
3254,PSAG,166998762.0,,0.0
3260,PSTI,91853733.0,Biotechnology: Biological Products (No Diagnostic Substances),0.22599995136260986
3266,PTE,62257515.0,Specialty Chemicals,0.4890000283718109
3269,PTIC,280312500.0,,0.0
3273,PTMN,222165264.0,Finance/Investors Services,0.0
3281,PTRS,143528759.0,Major Banks,0.1519998550415039
3291,PVBC,279221295.0,Major Banks,-0.01700005531311035
3292,PWFL,246743382.0,Telecommunications Equipment,0.07299995422363281
3293,PWOD,168714588.0,Major Banks,0.9459997177124023
3296,PXLW,258768104.0,Semiconductors,-0.031999945640563965
3301,PYPD,148364469.0,Medical/Dental Instruments,0.0
3321,QRHC,106225797.0,Building Products,0.0970000147819519
3328,QTNT,282417768.0,Biotechnology: Pharmaceutical Preparations,-0.04800004959106445
3331,QUBT,171182577.0,Computer Manufacturing,0.0
3332,QUIK,64865916.0,Semiconductors,0.10900001525878907
3335,RACB,188987025.0,,0.0
3338,RAIL,74377309.0,Railroads,-0.031999969482421876
3340,RAM,177890625.0,Business Services,0.0
3353,RBKB,119161830.0,Major Banks,-0.20989999771118162
3355,RCAT,127358669.0,Retail: Computer Software & Peripheral Equipment,0.08299999237060547
3357,RCHG,247744500.0,,0.0
3366,RCMT,78375909.0,Military/Government/Technical,0.051999998092651364
3368,RCRT,52725803.0,,-0.008999967575073242
3370,RDCM,153380216.0,Computer peripheral equipment,0.0
3372,RDHL,225190463.0,Biotechnology: Pharmaceutical Preparations,0.0
3373,RDI,101413733.0,Movies/Entertainment,1.26799955368042
3384,REED,54392923.0,Beverages (Production/Distribution),0.0009999990463256836
3385,REFR,75011439.0,Industrial Machinery/Components,0.03799998760223389
3392,RELL,119000963.0,Electronic Components,-0.02800002098083496
3393,REPH,99055887.0,Biotechnology: Pharmaceutical Preparations,0.04069993495941162
3395,RESN,156300090.0,Semiconductors,0.18149985074996947
3403,RFIL,77312605.0,Electrical Products,0.05099999904632568
3404,RGC,237411846.0,,0.0
3405,RGCO,189638173.0,Oil & Gas Production,-1.1060012817382812
3408,RGLS,64435960.0,Biotechnology: Pharmaceutical Preparations,0.1380000591278076
3413,RICO,180943875.0,,
3429,RIVE,114496856.0,Major Banks,0.11499996185302735
3436,RMBI,194358646.0,,0.08000001907348633
3445,RMRM,110139357.0,Real Estate Investment Trusts,
3446,RMTI,57065662.0,Biotechnology: Pharmaceutical Preparations,0.012000006437301636
3449,RNDB,105156103.0,Major Banks,-0.1795999526977539
3453,RNWK,75915906.0,EDP Services,0.0
3455,RNXT,59193624.0,Biotechnology: Pharmaceutical Preparations,
3457,ROCG,146807168.0,,
3461,ROCR,146499530.0,,0.0
3473,RPHM,191691641.0,Biotechnology: Pharmaceutical Preparations,0.1339999198913574
3481,RSSS,66538710.0,Retail: Computer Software & Peripheral Equipment,0.06299998760223388
3498,RVSB,159614901.0,Major Banks,0.034999942779541014
3499,RWLK,60102210.0,Industrial Specialties,-0.014999985694885254
3508,RZLT,70947464.0,Biotechnology: Pharmaceutical Preparations,0.20949990749359132
3515,SAL,144272454.0,Savings Institutions,0.2869998931884765
3516,SALM,83831732.0,Broadcasting,0.02900001406669617
3517,SAMG,219086317.0,Investment Managers,0.030000019073486327
3520,SANW,99530243.0,Farming/Seeds/Milling,-0.06100003719329834
3525,SBBP,138371062.0,Biotechnology: Pharmaceutical Preparations,
3531,SBFG,123119078.0,Major Banks,-1.4250000953674318
3538,SBT,258432927.0,Savings Institutions,0.0
3556,SCPH,158937923.0,Biotechnology: Pharmaceutical Preparations,0.15199999809265136
3558,SCPS,80702227.0,Biotechnology: Pharmaceutical Preparations,-0.40600004196166994
3563,SCYX,136289126.0,Biotechnology: Pharmaceutical Preparations,0.23500022888183594
3569,SDH,58376640.0,Business Services,0.0
3570,SEAC,51001863.0,Radio And Television Broadcasting And Communications Equipment,-0.07200001478195191
3571,SECO,105978843.0,Diversified Commercial Services,0.0
3574,SEEL,196956775.0,Biotechnology: Pharmaceutical Preparations,0.0040000081062316895
3578,SELF,55684788.0,Real Estate Investment Trusts,0.04499998092651367
3581,SERA,236401216.0,Precision Instruments,0.0
3582,SESN,170835884.0,Biotechnology: Pharmaceutical Preparations,0.0
3583,SFBC,117084577.0,Savings Institutions,0.5030000686645507
3590,SGA,137608843.0,Broadcasting,0.43400001525878906
3591,SGAM,179507813.0,,0.0
3607,SGTX,184649777.0,Specialty Chemicals,0.20669994354248047
3608,SHAC,279737500.0,,0.0
3611,SHBI,202504018.0,Major Banks,-0.0880000114440918
3616,SHIP,208272139.0,,0.0
3621,SHQA,270773017.0,,
3627,SIEB,107677339.0,Investment Bankers/Brokers/Service,-0.03200020790100098
3634,SILC,296391761.0,Computer Manufacturing,0.0
3639,SIOX,157188948.0,Biotechnology: Pharmaceutical Preparations,0.10899996757507324
3644,SJ,126379752.0,EDP Services,0.0008999824523925781
3647,SKYA,267931071.0,Business Services,0.0
3659,SLCT,270503213.0,Major Banks,-0.0537099838256836
3660,SLDB,294492969.0,Biotechnology: Biological Products (No Diagnostic Substances),-0.12799999713897706
3663,SLGG,50515752.0,Publishing,-0.10700001716613769
3664,SLGL,216942138.0,Precious Metals,0.0
3666,SLHG,115788449.0,Other Consumer Services,0.0
3670,SLNG,112861520.0,Oil/Gas Transmission,0.054999899864196775
3671,SLNO,72373521.0,Biotechnology: Pharmaceutical Preparations,0.0649999499320984
3675,SLS,156834537.0,Biotechnology: Pharmaceutical Preparations,0.0
3680,SMED,165129467.0,Environmental Services,0.36300020217895507
3683,SMID,81699891.0,Building Materials,0.03699989318847656
3684,SMIH,248745000.0,,
3691,SMSI,243634609.0,Computer Software: Prepackaged Software,-0.032000064849853516
3693,SMTI,249660188.0,Industrial Specialties,0.0
3694,SNAX,56222996.0,Specialty Foods,0.0
3697,SNCR,213675291.0,EDP Services,0.5090000152587891
3700,SND,91354210.0,Metal Fabrications,0.03799997568130493
3705,SNFCA,171309093.0,Finance: Consumer Services,-0.005714321136474609
3715,SNSE,290590703.0,Biotechnology: Pharmaceutical Preparations,-1.3060001373291017
3719,SOFIW,146250000.0,Diversified Financial Services,
3725,SOLO,215448203.0,Auto Parts:O.E.M.,0.0
3732,SOTK,54428513.0,Industrial Machinery/Components,-0.043000006675720216
3736,SPI,126474239.0,Semiconductors,0.0
3737,SPK,65501011.0,,
3746,SPOK,197203749.0,Telecommunications Equipment,0.16400012969970704
3748,SPRB,166214146.0,Specialty Chemicals,0.9350006103515625
3752,SPTK,209371875.0,,0.0
3763,SRAX,274405593.0,Advertising,0.0
3767,SREV,134089769.0,Retail: Computer Software & Peripheral Equipment,-0.03299996852874756
3768,SRGA,194687149.0,Industrial Specialties,0.08399991989135742
3771,SRRA,260005289.0,Biotechnology: Pharmaceutical Preparations,0.11600008010864257
3773,SRTS,58569042.0,Medical/Dental Instruments,0.0
3780,SSBI,98671625.0,Major Banks,0.0
3781,SSBK,173407369.0,Commercial Banks,
3782,SSKN,61231702.0,Medical/Dental Instruments,0.0
3791,STAB,79001689.0,Biotechnology: Pharmaceutical Preparations,0.0
3794,STCN,121145076.0,,0.0
3798,STIM,163436929.0,Managed Health Care,0.9945000767707826
3807,STRM,83043698.0,EDP Services,-0.0040000081062316895
3811,STRS,251650370.0,Homebuilding,0.08600006103515624
3812,STRT,145931303.0,Auto Parts:O.E.M.,0.043000411987304685
3813,STSA,146769436.0,Biotechnology: Pharmaceutical Preparations,1.2224002838134767
3822,SUNS,250846401.0,Finance/Investors Services,0.0
3823,SUNW,106758129.0,Semiconductors,0.0760000228881836
3826,SV,280600000.0,Farming/Seeds/Milling,0.0
3827,SVBI,157588153.0,Major Banks,-0.032249975204467776
3832,SVFB,289198000.0,Business Services,-0.08400001525878906
3836,SVOKU,265477500.0,,0.0
3838,SVRA,148571356.0,Biotechnology: Pharmaceutical Preparations,-0.04570000171661377
3849,SWKH,231652741.0,Finance/Investors Services,0.0
3856,SYBX,195870946.0,Biotechnology: Pharmaceutical Preparations,0.0
3859,SYNL,98435229.0,Steel/Iron Ore,0.4159999847412109
3860,SYPR,72304613.0,Auto Parts:O.E.M.,-0.001000046730041504
3866,TACT,132757367.0,Computer peripheral equipment,-0.1940000057220459
3876,TARA,79584930.0,Biotechnology: Pharmaceutical Preparations,1.2462997436523438
3879,TAST,193813974.0,Restaurants,-0.0290000319480896
3891,TBLT,66201646.0,Diversified Manufacture,0.0
3893,TBNK,231884009.0,Savings Institutions,0.31100006103515626
3895,TBSA,242250000.0,Business Services,0.0
3897,TCAC,242500000.0,Business Services,0.0
3900,TCBC,63678550.0,Major Banks,0.0
3904,TCBS,50495265.0,Banks,0.0
3905,TCDA,215330694.0,Biotechnology: Pharmaceutical Preparations,0.2415010452270508
3906,TCFC,200610899.0,Major Banks,-0.4360019683837891
3909,TCON,73835402.0,Biotechnology: Biological Products (No Diagnostic Substances),0.32019994258880613
3912,TCRX,148587489.0,Biotechnology: Pharmaceutical Preparations,-0.25200004577636714
3915,TDAC,137986486.0,,0.010249900817871093
3921,TEDU,76228418.0,Service to the Health Industry,0.0
3925,TELA,193491910.0,Biotechnology: Electromedical & Electrotherapeutic Apparatus,0.31999979019165037
3930,TERN,256080946.0,Biotechnology: Pharmaceutical Preparations,-0.9959999084472657
3935,TFFP,197392456.0,Specialty Chemicals,2.149300146102905
3937,TGA,137829935.0,,0.0
3941,THCA,195841901.0,,0.0
3943,THCP,286245547.0,,
3964,TIRX,50083750.0,Specialty Insurers,0.0
3970,TLMD,235267308.0,Managed Health Care,0.029999923706054688
3974,TLSA,154998957.0,Biotechnology: Pharmaceutical Preparations,0.0
3978,TMDI,179702858.0,,0.0
3983,TMPM,123436623.0,Business Services,0.0
3986,TMTS,252720000.0,,0.0
3992,TNXP,210651716.0,Biotechnology: Pharmaceutical Preparations,-0.009999972581863404
3995,TOPS,52578203.0,Marine Transportation,0.0
3996,TOUR,179097176.0,,0.0
4000,TPST,102157408.0,Biotechnology: Pharmaceutical Preparations,0.0
4010,TRKA,60855065.0,Advertising,0.020000004768371583
4018,TRON,226625000.0,Business Services,
4028,TRVN,205636048.0,Biotechnology: Pharmaceutical Preparations,-0.02070000171661377
4029,TSBK,238923513.0,Banks,0.23700027465820314
4049,TTOO,158730961.0,Biotechnology: In Vitro & In Vivo Diagnostic Substances,-0.017499977350234987
4052,TUEM,196919546.0,Diversified Commercial Services,0.013000035285949707
4053,TUGC,56259165.0,Business Services,0.0
4055,TURN,74276551.0,Finance/Investors Services,-0.28099985122680665
4056,TUSK,124632884.0,Oilfield Services/Equipment,-0.06200001239776611
4057,TVAC,217781250.0,,0.0
4062,TWCB,218396707.0,,
4065,TWIN,135184154.0,Industrial Machinery/Components,-0.021000003814697264
4075,TXMD,289001035.0,Biotechnology: Pharmaceutical Preparations,-0.010999989509582518
4079,TYME,175651032.0,Biotechnology: Pharmaceutical Preparations,0.14010005593299865
4081,TZOO,128756977.0,EDP Services,0.19499990940093995
4085,UBCP,87359509.0,Major Banks,0.011999988555908203
4086,UBFO,134551378.0,Major Banks,-0.019999980926513672
4087,UBOH,99290421.0,Major Banks,0.7560001373291015
4089,UBX,165312750.0,Specialty Chemicals,-0.03699994087219238
4092,UCL,151925473.0,Telecommunications Equipment,0.0
4095,UEPS,256482963.0,EDP Services,0.1739999532699585
4099,UG,63999323.0,Package Goods/Cosmetics,0.0
4100,UGRO,140236950.0,Industrial Machinery/Components,0.07100000381469727
4102,UIHC,134157173.0,Property-Casualty Insurers,-0.23299989700317383
4103,UK,83020608.0,Business Services,0.0
4105,ULBI,120399053.0,Electronic Components,-0.08099994659423829
4112,UNB,142268958.0,Major Banks,0.015000152587890626
4115,UNTY,237047067.0,Major Banks,-0.1669999122619629
4117,UONEK,299156288.0,Broadcasting,0.0
4118,UPC,50949375.0,Biotechnology: Pharmaceutical Preparations,0.0
4121,UPTD,57743560.0,,
4128,USAK,126209564.0,Trucking Freight/Courier Services,0.45399994850158687
4129,USAP,95510259.0,Steel/Iron Ore,-0.18700008392333983
4130,USAU,73317021.0,Precious Metals,0.0
4131,USCB,233468210.0,Major Banks,0.0
4133,USIO,146649881.0,EDP Services,0.10599992275238036
4135,USWS,63123201.0,Oil & Gas Production,0.008000004291534425
4143,VABK,201378601.0,Major Banks,0.1779998779296875
4148,VBFC,67942565.0,Major Banks,-0.06000022888183594
4150,VBLT,138457975.0,Biotechnology: Pharmaceutical Preparations,0.0
4154,VCKA,172895025.0,Business Services,0.0
4156,VCNX,68021171.0,Biotechnology: Pharmaceutical Preparations,-0.08299999237060547
4161,VECT,285195091.0,Biotechnology: Biological Products (No Diagnostic Substances),0.0
4163,VELO,281462500.0,,0.0
4166,VENA,60500000.0,Business Services,0.0
4170,VERB,121842207.0,EDP Services,0.0
4173,VERO,121829479.0,Medical/Dental Instruments,0.13999998569488525
4177,VERY,117439613.0,Life Insurance,0.0
4178,VEV,128479664.0,Building Materials,0.0
4190,VIH,260511095.0,Business Services,0.0039999961853027345
4193,VII,278875000.0,,0.0
4196,VINC,259311910.0,Biotechnology: Biological Products (No Diagnostic Substances),0.7919998168945311
4201,VIRC,57484222.0,Industrial Specialties,-0.026999950408935547
4205,VISL,82780064.0,Telecommunications Equipment,0.042999982833862305
4211,VLAT,278012500.0,Business Services,0.0
4221,VMAC,129069800.0,,0.0
4224,VMAR,54674298.0,,0.0
4225,VMD,229782364.0,,0.0
4232,VOSO,284579000.0,,0.0
4235,VOXX,275868705.0,Consumer Electronics/Appliances,0.31199965476989744
4239,VQS,94635969.0,,0.0
4244,VRDN,108526595.0,Biotechnology: Pharmaceutical Preparations,0.11199989318847656
4252,VRPX,67666885.0,Specialty Chemicals,-0.1169999599456787
4258,VS,56877403.0,,0.0
4263,VTAQ,214546875.0,,0.0
4274,VTSI,93886832.0,Military/Government/Technical,-0.05150001049041748
4275,VTVT,144504380.0,Biotechnology: Pharmaceutical Preparations,-0.016000032424926758
4277,VVOS,103338899.0,Medical Specialities,0.18600001335144042
4278,VVPR,109175512.0,,0.0
4280,VWTR,225213076.0,Water Supply,0.046000194549560544
4282,VYGR,114565660.0,Biotechnology: Pharmaceutical Preparations,0.3130002021789551
4283,VYNE,75979971.0,Biotechnology: Pharmaceutical Preparations,0.28799996376037595
4284,VYNT,67536947.0,Biotechnology: Pharmaceutical Preparations,0.06000001430511475
4293,WATT,132979832.0,Industrial Machinery/Components,-0.4882001459598541
4303,WEYS,219528693.0,Shoe Manufacturing,-0.6889999389648438
4304,WFCF,87327826.0,Computer Software: Prepackaged Software,0.015999984741210938
4312,WILC,281390292.0,Food Distributors,0.0
4322,WKEY,148438931.0,EDP Services,0.0
4325,WKSP,80746794.0,Auto Parts:O.E.M.,0.0
4328,WLFC,236871889.0,Aerospace,1.6709999084472658
4331,WMPN,188266724.0,Savings Institutions,0.11900043487548828
4332,WNEB,192279379.0,Savings Institutions,-0.06500005722045898
4333,WNW,106250000.0,Catalog/Specialty Distribution,0.0
4337,WRAP,252577131.0,Industrial Machinery/Components,-0.16040010452270506
4344,WSTG,117509851.0,Retail: Computer Software & Peripheral Equipment,0.004000282287597656
4346,WTER,145428535.0,Beverages (Production/Distribution),0.0
4350,WTRH,114811550.0,Computer Software: Prepackaged Software,0.07149999141693116
4351,WVE,283806419.0,Biotechnology: Pharmaceutical Preparations,0.999999713897705
4353,WVVI,63099164.0,Beverages (Production/Distribution),0.10299997329711913
4358,XAIR,269653118.0,,0.08899979591369629
4361,XCUR,120708704.0,Biotechnology: Pharmaceutical Preparations,0.006000006198883056
4363,XELA,277279547.0,Retail: Computer Software & Peripheral Equipment,0.01960000991821289
4367,XERS,162586070.0,Biotechnology: Pharmaceutical Preparations,0.0
4368,XFOR,125071406.0,Biotechnology: Biological Products (No Diagnostic Substances),0.7520002365112305
4369,XGN,221340110.0,Medical Specialities,-0.2376999855041504
4375,XNET,196127156.0,Computer Software: Prepackaged Software,0.0
4377,XOMA,272713779.0,Biotechnology: Pharmaceutical Preparations,0.6310007095336914
4391,XSPA,175244615.0,Other Consumer Services,-0.06299999952316285
4394,YELL,280977191.0,Trucking Freight/Courier Services,0.05500006675720215
4397,YJ,147326957.0,Other Specialty Stores,0.0
4399,YMTX,111514231.0,Biotechnology: Pharmaceutical Preparations,0.0
4402,YQ,197671824.0,Other Consumer Services,0.0
4403,YSAC,171346110.0,,0.0
4407,YTRA,120668541.0,,0.0
4415,ZEST,130955022.0,Food Distributors,0.0
4416,ZEUS,254889179.0,Steel/Iron Ore,-0.009000015258789063
4419,ZGYH,91860015.0,Business Services,0.0
4428,ZIVO,68725088.0,Biotechnology: Pharmaceutical Preparations,0.2259999990463257
4435,ZNTE,291237500.0,,0.026000022888183594
4440,ZSAN,81248737.0,Biotechnology: Pharmaceutical Preparations,-0.012800002098083496
4445,ZVO,80202629.0,Other Consumer Services,0.14599995613098143
4446,ZWRK,278757125.0,,0.0
4450,ZYNE,169956332.0,Biotechnology: Pharmaceutical Preparations,0.0
